ID,Address,Street,Neighbourhood,City,Price,Bathroom,Bedroom,Link,
2020/10/16,l885654,28 Rice Dr,Rice Dr,Schomberg,King,"$998,800",2 baths,3+2 beds,https://king.listing.ca/28-rice-dr.N4955697.htm#10w-1
2020/10/16,l885246,114 Moore Park Dr,Moore Park Dr,Schomberg,King,"$1,248,000",4 baths,3+1 beds,https://king.listing.ca/114-moore-park-dr.N4955005.htm#10w-2
2020/10/16,l885235,192 Carmichael Cres,Carmichael Cres,King City,King,"$3,388,000",4 baths,4 beds,https://king.listing.ca/192-carmichael-cres.N4954891.htm#10w-3
2020/10/16,l884756,54 Britnell Crt,Britnell Crt,King City,King,"$2,198,000",5 baths,4+1 beds,https://king.listing.ca/54-britnell-crt.N4953969.htm#10w-4
2020/10/16,l884723,15 Noblewood Dr,Noblewood Dr,Nobleton,King,"$1,298,000",2 baths,3+1 beds,https://king.listing.ca/15-noblewood-dr.N4954036.htm#10w-5
2020/10/16,l884027,92 Archibald Rd,Archibald Rd,Pottageville,King,"$1,499,000",4 baths,3+2 beds,https://king.listing.ca/92-archibald-rd.N4953816.htm#10w-6
2020/10/16,l883418,12 Piper Crt,Piper Crt,Nobleton,King,"$3,995,000",8 baths,4+1 beds,https://king.listing.ca/12-piper-crt.N4952741.htm#10w-7
2020/10/16,l883387,15 John St,John St,King City,King,"$3,599,999",6 baths,5 beds,https://king.listing.ca/15-john-st.N4952294.htm#10w-8
2020/10/16,l881908,14320 12th Concession,12th Concession,Rural King,King,"$1,899,900",2 baths,3+1 beds,https://king.listing.ca/14320-12th-concession.N4950438.htm#10w-9
2020/10/16,l880970,12 Bluff Tr,Bluff Tr,Nobleton,King,"$2,275,000",7 baths,4+2 beds,https://king.listing.ca/12-bluff-tr.N4949688.htm#10w-a
2020/10/16,l879036,14376 Jane St,Jane St,Rural King,King,"$1,288,000",2 baths,3+1 beds,https://king.listing.ca/14376-jane-st.N4947816.htm#10w-b
2020/10/16,l879011,4420 Highway 9,Highway 9,Rural King,King,"$1,129,000",1 baths,3 beds,https://king.listing.ca/4420-highway-9.N4947548.htm#10w-c
2020/10/16,l878615,96 Waterlily Tr,Waterlily Tr,Schomberg,King,"$819,900",3 baths,3 beds,https://king.listing.ca/96-waterlily-tr.N4947352.htm#10w-d
2020/10/16,l878486,13305 Jane St,Jane St,King City,King,"$1,489,000",3 baths,3+2 beds,https://king.listing.ca/13305-jane-st.N4947277.htm#10w-e
2020/10/16,l878192,18 Lilly Valley Cres,Lilly Valley Cres,King City,King,"$1,499,000",5 baths,4 beds,https://king.listing.ca/18-lilly-valley-cres.N4946928.htm#10w-f
2020/10/16,l878166,3 Country Club Dr,Country Club Dr,Rural King,King,"$1,999,000",4 baths,4 beds,https://king.listing.ca/3-country-club-dr.N4946610.htm#10w-g
2020/10/16,l878144,6166 King Rd,King Rd,Nobleton,King,"$999,000",1 baths,2 beds,https://king.listing.ca/6166-king-rd.N4946248.htm#10w-h
2020/10/16,l876627,65 John St,John St,King City,King,"$2,499,000",4 baths,4+1 beds,https://king.listing.ca/65-john-st.N4944561.htm#10w-i
2020/10/16,l876052,30 Nobleview Dr,Nobleview Dr,Nobleton,King,"$2,584,000",5 baths,5+1 beds,https://king.listing.ca/30-nobleview-dr.N4944291.htm#10w-j
2020/10/16,l876041,15730 Dufferin St,Dufferin St,Rural King,King,"$3,500,000",0 baths,0 beds,https://king.listing.ca/15730-dufferin-st.N4944154.htm#10w-k
2020/10/16,l876039,15660 Dufferin St,Dufferin St,Rural King,King,"$3,250,000",0 baths,0 beds,https://king.listing.ca/15660-dufferin-st.N4944146.htm#10w-l
2020/10/16,l875174,34 Alex Campbell Cres,Alex Campbell Cres,King City,King,"$1,349,000",4 baths,3 beds,https://king.listing.ca/34-alex-campbell-cres.N4942918.htm#10w-m
2020/10/16,l874573,24 Stan Roots St,Stan Roots St,King City,King,"$1,468,000",3 baths,4 beds,https://king.listing.ca/24-stan-roots-st.N4942244.htm#10w-n
2020/10/16,l873670,3495 17th Sdrd,17th Sdrd,Rural King,King,"$1,695,000",3 baths,3 beds,https://king.listing.ca/3495-17th-sdrd.N4940833.htm#10w-o
2020/10/16,l872519,27 Curran Crt,Curran Crt,King City,King,"$2,999,888",4 baths,3+1 beds,https://king.listing.ca/27-curran-crt.N4939839.htm#10w-p
2020/10/16,l871259,191 Kingscross Dr,Kingscross Dr,King City,King,"$2,788,000",4 baths,3+2 beds,https://king.listing.ca/191-kingscross-dr.N4938537.htm#10w-q
2020/10/16,l871246,5070 Highway 9,Highway 9,Rural King,King,"$3,650,000",2 baths,3 beds,https://king.listing.ca/5070-highway-9.N4938341.htm#10w-r
2020/10/16,l871229,42 Waterlily Tr,Waterlily Tr,Schomberg,King,"$1,199,999",4 baths,3+1 beds,https://king.listing.ca/42-waterlily-tr.N4938116.htm#10w-s
2020/10/16,l869718,13235 Caledon King Tline St,Caledon King Tline St,Nobleton,King,"$3,282,000",4 baths,5+1 beds,https://king.listing.ca/13235-caledon-king-tline-st.N4936782.htm#10w-t
2020/10/16,l869707,17 Macmurchy Ave,Macmurchy Ave,Nobleton,King,"$2,025,000",5 baths,4 beds,https://king.listing.ca/17-macmurchy-ave.N4936663.htm#10w-u
2020/10/16,l869679,126 Eden Vale Dr,Eden Vale Dr,King City,King,"$4,388,000",6 baths,4+1 beds,https://king.listing.ca/126-eden-vale-dr.N4936307.htm#10w-v
2020/10/16,l869670,22 Mount Mellick Dr,Mount Mellick Dr,Rural King,King,"$5,800,000",6 baths,5 beds,https://king.listing.ca/22-mount-mellick-dr.N4936154.htm#10w-w
2020/10/16,l869641,118 Alex Campbell Cres,Alex Campbell Cres,King City,King,"$1,298,000",3 baths,4+1 beds,https://king.listing.ca/118-alex-campbell-cres.N4935847.htm#10w-x
2020/10/16,l869018,97 Carmichael Cres,Carmichael Cres,King City,King,"$4,488,000",8 baths,5 beds,https://king.listing.ca/97-carmichael-cres.N4935694.htm#10w-y
2020/10/16,l869009,171 Kingscross Dr,Kingscross Dr,King City,King,"$2,798,000",4 baths,4 beds,https://king.listing.ca/171-kingscross-dr.N4935597.htm#10w-z
2020/10/16,l867972,48 Clearview Hts,Clearview Hts,King City,King,"$1,348,000",3 baths,4 beds,https://king.listing.ca/48-clearview-hts.N4934064.htm#10w-10
2020/10/16,l867469,13770 Highway 27,Highway 27,Rural King,King,"$58,880,000",2 baths,4 beds,https://king.listing.ca/13770-highway-27.N4933889.htm#10w-11
2020/10/16,l867455,366 Churchill Ave,Churchill Ave,Rural King,King,"$1,698,000",4 baths,4 beds,https://king.listing.ca/366-churchill-ave.N4933701.htm#10w-12
2020/10/16,l867448,178 Burton Grve,Burton Grve,King City,King,"$1,998,000",3 baths,4 beds,https://king.listing.ca/178-burton-grve.N4933651.htm#10w-13
2020/10/16,l867437,2495 Lloydtown-Aurora Rd,Lloydtown-Aurora Rd,Rural King,King,"$13,000,000",5 baths,4 beds,https://king.listing.ca/2495-lloydtown-aurora-rd.N4933563.htm#10w-14
2020/10/16,l867055,2 Manitou Dr,Manitou Dr,King City,King,"$2,850,000",5 baths,5+2 beds,https://king.listing.ca/2-manitou-dr.N4933300.htm#10w-15
2020/10/16,l866148,43 Elizabeth Grve,Elizabeth Grve,King City,King,"$1,399,000",2 baths,3+1 beds,https://king.listing.ca/43-elizabeth-grve.N4931942.htm#10w-16
2020/10/16,l866141,7 Royal Ave,Royal Ave,Nobleton,King,"$1,398,888",2 baths,3+1 beds,https://king.listing.ca/7-royal-ave.N4931836.htm#10w-17
2020/10/16,l865677,12885 Weston Rd,Weston Rd,Rural King,King,"$2,690,000",6 baths,4 beds,https://king.listing.ca/12885-weston-rd.N4931493.htm#10w-18
2020/10/16,l865388,17255 Concession 8 Rd,Concession 8 Rd,Rural King,King,"$1,850,000",2 baths,2 beds,https://king.listing.ca/17255-concession-8-rd.N4931339.htm#10w-19
2020/10/16,l865386,17225 8th Concession Rd,8th Concession Rd,Rural King,King,"$1,850,000",2 baths,3 beds,https://king.listing.ca/17225-8th-concession-rd.N4931320.htm#10w-1a
2020/10/16,l865365,8 Carmichael Cres,Carmichael Cres,King City,King,"$3,588,000",5 baths,4+2 beds,https://king.listing.ca/8-carmichael-cres.N4930988.htm#10w-1b
2020/10/16,l865362,8110 16th Sdrd,16th Sdrd,Rural King,King,"$1,899,999",3 baths,3 beds,https://king.listing.ca/8110-16th-sdrd.N4930962.htm#10w-1c
2020/10/16,l864869,560 South Canal Bank Rd,South Canal Bank Rd,Rural King,King,"$1,288,000",2 baths,4 beds,https://king.listing.ca/560-south-canal-bank-rd.N4930425.htm#10w-1d
2020/10/16,l864854,4760 18th Sideroad Rd,18th Sideroad Rd,Schomberg,King,"$1,475,000",4 baths,3 beds,https://king.listing.ca/4760-18th-sideroad-rd.N4930261.htm#10w-1e
2020/10/16,l864853,72 Chelsea Lane,Chelsea Lane,King City,King,"$3,480,000",6 baths,4+1 beds,https://king.listing.ca/72-chelsea-lane.N4930240.htm#10w-1f
2020/10/16,l864562,2645 Davis Dr,Davis Dr,Rural King,King,"$3,248,000",7 baths,5 beds,https://king.listing.ca/2645-davis-dr.N4930214.htm#10w-1g
2020/10/16,l863733,49 Langdon Dr,Langdon Dr,King City,King,"$2,199,000",5 baths,4+1 beds,https://king.listing.ca/49-langdon-dr.N4929315.htm#10w-1h
2020/10/16,l862785,7 Church St,Church St,Schomberg,King,"$1,399,000",2 baths,5 beds,https://king.listing.ca/7-church-st.N4928242.htm#10w-1i
2020/10/16,l862357,84 Cairns Gate,Cairns Gate,King City,King,"$3,199,900",5 baths,5 beds,https://king.listing.ca/84-cairns-gate.N4927600.htm#10w-1j
2020/10/16,l861986,86 Wilkie Ave,Wilkie Ave,Nobleton,King,"$2,349,000",6 baths,4 beds,https://king.listing.ca/86-wilkie-ave.N4926876.htm#10w-1k
2020/10/16,l860582,12894 Keele St,Keele St,King City,King,"$1,400,000",1 baths,2 beds,https://king.listing.ca/12894-keele-st.N4925125.htm#10w-1l
2020/10/16,l860581,12888 Keele St,Keele St,King City,King,"$1,400,000",2 baths,3+1 beds,https://king.listing.ca/12888-keele-st.N4925118.htm#10w-1m
2020/10/16,l860011,435 Kettleby Rd,Kettleby Rd,Rural King,King,"$1,599,000",3 baths,3 beds,https://king.listing.ca/435-kettleby-rd.N4924308.htm#10w-1n
2020/10/16,l860002,8 Di Nardo Crt,Di Nardo Crt,King City,King,"$3,965,000",5 baths,4+1 beds,https://king.listing.ca/8-di-nardo-crt.N4924202.htm#10w-1o
2020/10/16,l859143,106 Patricia Dr,Patricia Dr,King City,King,"$2,398,000",4 baths,4+1 beds,https://king.listing.ca/106-patricia-dr.N4923227.htm#10w-1p
2020/10/16,l858696,62 Parkheights Tr,Parkheights Tr,Nobleton,King,"$1,499,800",4 baths,4 beds,https://king.listing.ca/62-parkheights-tr.N4922958.htm#10w-1q
2020/10/16,l858101,19 Patton St,Patton St,King City,King,"$1,150,000",2 baths,2 beds,https://king.listing.ca/19-patton-st.N4922225.htm#10w-1r
2020/10/16,l857796,265 Churchill Ave,Churchill Ave,Rural King,King,"$2,050,000",3 baths,5 beds,https://king.listing.ca/265-churchill-ave.N4921729.htm#10w-1s
2020/10/16,l857217,50 Walkington Way,Walkington Way,King City,King,"$1,799,900",3 baths,4 beds,https://king.listing.ca/50-walkington-way.N4921069.htm#10w-1t
2020/10/16,l856356,283 Church St,Church St,Schomberg,King,"$2,283,000",3 baths,3+1 beds,https://king.listing.ca/283-church-st.N4920222.htm#10w-1u
2020/10/16,l855577,27 Findlay Ave,Findlay Ave,King City,King,"$1,849,900",4 baths,4+1 beds,https://king.listing.ca/27-findlay-ave.N4919443.htm#10w-1v
2020/10/16,l855533,170 Kings Summit Rd,Kings Summit Rd,Rural King,King,"$1,849,000",4 baths,5 beds,https://king.listing.ca/170-kings-summit-rd.N4919037.htm#10w-1w
2020/10/16,l855488,16 Castle Mountain Crt,Castle Mountain Crt,Nobleton,King,"$3,489,000",7 baths,4+1 beds,https://king.listing.ca/16-castle-mountain-crt.N4918619.htm#10w-1x
2020/10/16,l854980,13125 Highway 27 Rd,Highway 27 Rd,Nobleton,King,"$1,700,000",1 baths,3 beds,https://king.listing.ca/13125-highway-27-rd.N4918545.htm#10w-1y
2020/10/16,l854963,13119 Highway 27 Rd,Highway 27 Rd,Nobleton,King,"$1,700,000",1 baths,2+1 beds,https://king.listing.ca/13119-highway-27-rd.N4918375.htm#10w-1z
2020/10/16,l854957,13113 Highway 27 Rd,Highway 27 Rd,Nobleton,King,"$1,700,000",1 baths,2 beds,https://king.listing.ca/13113-highway-27-rd.N4918306.htm#10w-20
2020/10/16,l854951,13105 Highway 27 Rd,Highway 27 Rd,Nobleton,King,"$1,700,000",2 baths,3 beds,https://king.listing.ca/13105-highway-27-rd.N4918214.htm#10w-21
2020/10/16,l854945,430 Churchill Ave,Churchill Ave,Rural King,King,"$1,299,000",4 baths,4 beds,https://king.listing.ca/430-churchill-ave.N4918181.htm#10w-22
2020/10/16,l853986,123 Hollingsworth Dr,Hollingsworth Dr,King City,King,"$2,250,000",5 baths,4+1 beds,https://king.listing.ca/123-hollingsworth-dr.N4917051.htm#10w-23
2020/10/16,l853948,36 Rebellion Way,Rebellion Way,Schomberg,King,"$1,100,000",2 baths,3 beds,https://king.listing.ca/36-rebellion-way.N4916751.htm#10w-24
2020/10/16,l853947,109 Country Club Dr,Country Club Dr,Rural King,King,"$2,399,000",6 baths,5+2 beds,https://king.listing.ca/109-country-club-dr.N4916739.htm#10w-25
2020/10/16,l853380,47 Scott Cres,Scott Cres,King City,King,"$3,380,000",5 baths,5+1 beds,https://king.listing.ca/47-scott-cres.N4916145.htm#10w-26
2020/10/16,l852464,16450 7th Concession Rd,7th Concession Rd,Pottageville,King,"$2,050,000",5 baths,5 beds,https://king.listing.ca/16450-7th-concession-rd.N4915682.htm#10w-27
2020/10/16,l850978,17400 10th Concession Rd,10th Concession Rd,Schomberg,King,"$1,298,888",4 baths,6 beds,https://king.listing.ca/17400-10th-concession-rd.N4913510.htm#10w-28
2020/10/16,l848967,168 Banner Lane,Banner Lane,King City,King,"$4,395,000",8 baths,5+2 beds,https://king.listing.ca/168-banner-lane.N4910414.htm#10w-29
2020/10/16,l848808,80 Burns Blvd 108,Burns Blvd,King City,King,"$679,000",2 baths,2 beds,https://king.listing.ca/80-burns-blvd-108.N4911468.htm#10w-2a
2020/10/16,l848519,149 Church St 113,Church St,Schomberg,King,"$555,000",2 baths,2 beds,https://king.listing.ca/149-church-st-113.N4910901.htm#10w-2b
2020/10/16,l848246,705 Wist Rd,Wist Rd,Rural King,King,"$2,099,800",2 baths,4 beds,https://king.listing.ca/705-wist-rd.N4910304.htm#10w-2c
2020/10/16,l844188,84 Parkheights Tr,Parkheights Tr,Nobleton,King,"$1,750,000",4 baths,4+1 beds,https://king.listing.ca/84-parkheights-tr.N4909611.htm#10w-2d
2020/10/16,l843306,7580 16th Sdrd,16th Sdrd,Rural King,King,"$1,950,000",4 baths,4+1 beds,https://king.listing.ca/7580-16th-sdrd.N4908910.htm#10w-2e
2020/10/16,l843250,47 Skyline Tr,Skyline Tr,Nobleton,King,"$3,288,000",7 baths,5 beds,https://king.listing.ca/47-skyline-tr.N4908225.htm#10w-2f
2020/10/16,l841885,96 Patricia Dr,Patricia Dr,King City,King,"$2,788,000",5 baths,5 beds,https://king.listing.ca/96-patricia-dr.N4906801.htm#10w-2g
2020/10/16,l841560,18461 Keele St,Keele St,King City,King,"$1,238,000",1 baths,2 beds,https://king.listing.ca/18461-keele-st.N4906781.htm#10w-2h
2020/10/16,l839965,69 Martin St,Martin St,King City,King,"$3,398,000",6 baths,4+3 beds,https://king.listing.ca/69-martin-st.N4904474.htm#10w-2i
2020/10/16,l839940,32 Chelsea Lane,Chelsea Lane,King City,King,"$2,499,000",5 baths,3+1 beds,https://king.listing.ca/32-chelsea-lane.N4904263.htm#10w-2j
2020/10/16,l839086,80 Burns Blvd 317,Burns Blvd,King City,King,"$1,049,900",2 baths,2+1 beds,https://king.listing.ca/80-burns-blvd-317.N4903452.htm#10w-2k
2020/10/16,l838344,21 Caliber Crt,Caliber Crt,Nobleton,King,"$1,499,000",5 baths,4 beds,https://king.listing.ca/21-caliber-crt.N4902720.htm#10w-2l
2020/10/16,l837345,80 Burns Blvd 210,Burns Blvd,King City,King,"$689,000",2 baths,2 beds,https://king.listing.ca/80-burns-blvd-210.N4901566.htm#10w-2m
2020/10/16,l834183,205 King Hills Lane,King Hills Lane,Rural King,King,"$1,850,000",2 baths,3 beds,https://king.listing.ca/205-king-hills-lane.N4897873.htm#10w-2n
2020/10/16,l834142,375 Woodchoppers Lane,Woodchoppers Lane,Rural King,King,"$799,000",0 baths,0 beds,https://king.listing.ca/375-woodchoppers-lane.N4897444.htm#10w-2o
2020/10/16,l834125,31 Winter Rd,Winter Rd,King City,King,"$5,680,000",6 baths,4 beds,https://king.listing.ca/31-winter-rd.N4897247.htm#10w-2p
2020/10/16,l833609,5835 18th Sdrd,18th Sdrd,Rural King,King,"$2,258,000",5 baths,4 beds,https://king.listing.ca/5835-18th-sdrd.N4896941.htm#10w-2q
2020/10/16,l833577,51 Ria Crt,Ria Crt,King City,King,"$2,898,888",7 baths,4+1 beds,https://king.listing.ca/51-ria-crt.N4896631.htm#10w-2r
2020/10/16,l833374,80 Burns Blvd 330,Burns Blvd,King City,King,"$649,000",2 baths,2 beds,https://king.listing.ca/80-burns-blvd-330.N4896724.htm#10w-2s
2020/10/16,l832721,3485 19th Sdrd,19th Sdrd,Pottageville,King,"$1,400,000",0 baths,0 beds,https://king.listing.ca/3485-19th-sdrd.N4895693.htm#10w-2t
2020/10/16,l832138,2000 King Rd,King Rd,King City,King,"$5,195,000",0 baths,0 beds,https://king.listing.ca/2000-king-rd.N4894962.htm#10w-2u
2020/10/16,l831281,215 Burton Grve,Burton Grve,King City,King,"$1,598,000",3 baths,4 beds,https://king.listing.ca/215-burton-grve.N4894202.htm#10w-2v
2020/10/16,l829383,16390 7th Concession Rd,7th Concession Rd,Pottageville,King,"$3,498,000",8 baths,5+1 beds,https://king.listing.ca/16390-7th-concession-rd.N4891738.htm#10w-2w
2020/10/16,l829366,1645 Davis Dr,Davis Dr,Rural King,King,"$1,988,888",3 baths,2+2 beds,https://king.listing.ca/1645-davis-dr.N4891599.htm#10w-2x
2020/10/16,l827872,130 Davis Rd,Davis Rd,Rural King,King,"$874,800",2 baths,3 beds,https://king.listing.ca/130-davis-rd.N4889626.htm#10w-2y
2020/10/16,l827394,17440 Bathurst St,Bathurst St,Rural King,King,"$1,995,000",1 baths,3 beds,https://king.listing.ca/17440-bathurst-st.N4889286.htm#10w-2z
2020/10/16,l825214,60 Britnell Crt,Britnell Crt,King City,King,"$2,399,000",5 baths,4 beds,https://king.listing.ca/60-britnell-crt.N4886775.htm#10w-30
2020/10/16,l823839,4065 Lloydtown-Aurora Rd,Lloydtown-Aurora Rd,Pottageville,King,"$8,288,888",8 baths,5 beds,https://king.listing.ca/4065-lloydtown-aurora-rd.N4885341.htm#10w-31
2020/10/16,l823786,11 Peter Glass Rd,Peter Glass Rd,King City,King,"$2,199,000",6 baths,3+2 beds,https://king.listing.ca/11-peter-glass-rd.N4884880.htm#10w-32
2020/10/16,l822562,19055 Dufferin St,Dufferin St,Rural King,King,"$899,000",1 baths,2 beds,https://king.listing.ca/19055-dufferin-st.N4883169.htm#10w-33
2020/10/16,l822553,6575 Lloydtown-Aurora Rd,Lloydtown-Aurora Rd,Rural King,King,"$2,400,000",4 baths,3 beds,https://king.listing.ca/6575-lloydtown-aurora-rd.N4883082.htm#10w-34
2020/10/16,l819390,12912 Weston Rd,Weston Rd,Rural King,King,"$1,399,000",0 baths,0 beds,https://king.listing.ca/12912-weston-rd.N4879767.htm#10w-35
2020/10/16,l819387,12928 Weston Rd,Weston Rd,Rural King,King,"$1,450,000",0 baths,0 beds,https://king.listing.ca/12928-weston-rd.N4879704.htm#10w-36
2020/10/16,l819053,27 Rolling Crt,Rolling Crt,King City,King,"$2,469,000",5 baths,4 beds,https://king.listing.ca/27-rolling-crt.N4879401.htm#10w-37
2020/10/16,l818447,294 Forde Cres,Forde Cres,King City,King,"$3,450,000",7 baths,4+1 beds,https://king.listing.ca/294-forde-cres.N4878294.htm#10w-38
2020/10/16,l817887,117 Burns Blvd,Burns Blvd,King City,King,"$1,849,000",4 baths,4 beds,https://king.listing.ca/117-burns-blvd.N4877831.htm#10w-39
2020/10/16,l817537,204 Hollingsworth Dr,Hollingsworth Dr,King City,King,"$1,549,000",2 baths,3+1 beds,https://king.listing.ca/204-hollingsworth-dr.N4877053.htm#10w-3a
2020/10/16,l816146,4795 19th Sdrd,19th Sdrd,King City,King,"$2,990,000",3 baths,3+1 beds,https://king.listing.ca/4795-19th-sdrd.N4875830.htm#10w-3b
2020/10/16,l815610,19 Ria Crt,Ria Crt,King City,King,"$2,680,000",6 baths,4+1 beds,https://king.listing.ca/19-ria-crt.N4874955.htm#10w-3c
2020/10/16,l813305,4202 18th Sdrd,18th Sdrd,Rural King,King,"$1,599,000",5 baths,5+1 beds,https://king.listing.ca/4202-18th-sdrd.N4872253.htm#10w-3d
2020/10/16,l811885,20 Hogan Crt,Hogan Crt,King City,King,"$3,199,000",8 baths,6+2 beds,https://king.listing.ca/20-hogan-crt.N4870671.htm#10w-3e
2020/10/16,l808956,32 Sir Henry Crt,Sir Henry Crt,King City,King,"$2,698,000",5 baths,5 beds,https://king.listing.ca/32-sir-henry-crt.N4866976.htm#10w-3f
2020/10/16,l808386,32 Church St 207,Church St,Schomberg,King,"$485,000",2 baths,2 beds,https://king.listing.ca/32-church-st-207.N4866657.htm#10w-3g
2020/10/16,l804358,1461 18th Sdrd,18th Sdrd,Rural King,King,"$1,199,000",3 baths,4+1 beds,https://king.listing.ca/1461-18th-sdrd.N4862067.htm#10w-3h
2020/10/16,l803813,5 Linton Lane,Linton Lane,Nobleton,King,"$1,900,000",3 baths,3 beds,https://king.listing.ca/5-linton-lane.N4860807.htm#10w-3i
2020/10/16,l802739,9 Hillside Dr,Hillside Dr,Nobleton,King,"$1,649,000",4 baths,4 beds,https://king.listing.ca/9-hillside-dr.N4859986.htm#10w-3j
2020/10/16,l802725,6036 King Rd,King Rd,Nobleton,King,"$1,275,000",1 baths,2 beds,https://king.listing.ca/6036-king-rd.N4859840.htm#10w-3k
2020/10/16,l802689,12882 Keele St,Keele St,King City,King,"$2,299,000",0 baths,0 beds,https://king.listing.ca/12882-keele-st.N4859533.htm#10w-3l
2020/10/16,l802675,122 Burns Blvd,Burns Blvd,King City,King,"$2,788,000",5 baths,4+2 beds,https://king.listing.ca/122-burns-blvd.N4859366.htm#10w-3m
2020/10/16,l799643,3185 16th Sdrd,16th Sdrd,Rural King,King,"$6,850,000",9 baths,7 beds,https://king.listing.ca/3185-16th-sdrd.N4855913.htm#10w-3n
2020/10/16,l798995,50 Keewaydin Dr,Keewaydin Dr,Nobleton,King,"$1,648,000",3 baths,4 beds,https://king.listing.ca/50-keewaydin-dr.N4855342.htm#10w-3o
2020/10/16,l796232,140 Kingscross Dr,Kingscross Dr,King City,King,"$3,698,000",7 baths,3+3 beds,https://king.listing.ca/140-kingscross-dr.N4851396.htm#10w-3p
2020/10/16,l795925,16 James Morning Crt,James Morning Crt,Rural King,King,"$3,450,000",6 baths,3+2 beds,https://king.listing.ca/16-james-morning-crt.N4850387.htm#10w-3q
2020/10/16,l794142,12699 Jane St,Jane St,King City,King,"$4,990,000",7 baths,5+1 beds,https://king.listing.ca/12699-jane-st.N4849343.htm#10w-3r
2020/10/16,l794130,296 Patricia Dr,Patricia Dr,King City,King,"$2,088,000",4 baths,4 beds,https://king.listing.ca/296-patricia-dr.N4849233.htm#10w-3s
2020/10/16,l788167,15325 Highway 27,Highway 27,Rural King,King,"$2,499,900",2 baths,4 beds,https://king.listing.ca/15325-highway-27.N4842366.htm#10w-3t
2020/10/16,l787937,24 Banner Lane,Banner Lane,King City,King,"$2,525,000",3 baths,5+1 beds,https://king.listing.ca/24-banner-lane.N4841686.htm#10w-3u
2020/10/16,l786487,131 Elmers Lane,Elmers Lane,King City,King,"$2,298,000",5 baths,4 beds,https://king.listing.ca/131-elmers-lane.N4840281.htm#10w-3v
2020/10/16,l785728,321 Church St,Church St,Schomberg,King,"$565,000",0 baths,0 beds,https://king.listing.ca/321-church-st.N4839577.htm#10w-3w
2020/10/16,l785692,13600 Bathurst St,Bathurst St,Rural King,King,"$1,170,000",1 baths,3 beds,https://king.listing.ca/13600-bathurst-st.N4839144.htm#10w-3x
2020/10/16,l784443,18500 Keele St,Keele St,Rural King,King,"$1,288,000",0 baths,0 beds,https://king.listing.ca/18500-keele-st.N4837347.htm#10w-3y
2020/10/16,l781682,15990 Dufferin St,Dufferin St,Rural King,King,"$1,059,000",2 baths,3+1 beds,https://king.listing.ca/15990-dufferin-st.N4834692.htm#10w-3z
2020/10/16,l781220,20 Noble Oaks Crt,Noble Oaks Crt,Nobleton,King,"$2,188,000",5 baths,4 beds,https://king.listing.ca/20-noble-oaks-crt.N4834166.htm#10w-40
2020/10/16,l780520,45 William St,William St,King City,King,"$1,349,900",1 baths,3 beds,https://king.listing.ca/45-william-st.N4833100.htm#10w-41
2020/10/16,l779741,75 William St,William St,King City,King,"$2,300,000",4 baths,4 beds,https://king.listing.ca/75-william-st.N4832468.htm#10w-42
2020/10/16,l779362,1139 Wellington St,Wellington St,Rural King,King,"$3,495,000",5 baths,5+1 beds,https://king.listing.ca/1139-wellington-st.N4832001.htm#10w-43
2020/10/16,l778808,15370 11th Concession,11th Concession,Rural King,King,"$2,895,000",5 baths,5+2 beds,https://king.listing.ca/15370-11th-concession.N4831422.htm#10w-44
2020/10/16,l777149,95 Watch Hill Rd,Watch Hill Rd,King City,King,"$2,938,000",6 baths,4+2 beds,https://king.listing.ca/95-watch-hill-rd.N4827898.htm#10w-45
2020/10/16,l777025,280 Pumphouse Rd,Pumphouse Rd,Rural King,King,"$1,585,000",2 baths,3 beds,https://king.listing.ca/280-pumphouse-rd.N4827629.htm#10w-46
2020/10/16,l775364,10 Orlin Chappel Crt,Orlin Chappel Crt,Rural King,King,"$1,390,000",0 baths,0 beds,https://king.listing.ca/10-orlin-chappel-crt.N4822868.htm#10w-47
2020/10/16,l775343,3695 17th Sdrd,17th Sdrd,Rural King,King,"$2,695,000",5 baths,4 beds,https://king.listing.ca/3695-17th-sdrd.N4816211.htm#10w-48
2020/10/16,l773985,55 South Summit Farm Rd,South Summit Farm Rd,King City,King,"$3,200,000",5 baths,4 beds,https://king.listing.ca/55-south-summit-farm-rd.N4822416.htm#10w-49
2020/10/16,l773708,18367 Keele St,Keele St,Rural King,King,"$1,599,000",1 baths,2 beds,https://king.listing.ca/18367-keele-st.N4816576.htm#10w-4a
2020/10/16,l772739,26 Scotch Valley Dr,Scotch Valley Dr,King City,King,"$2,375,000",0 baths,0 beds,https://king.listing.ca/26-scotch-valley-dr.N4806205.htm#10w-4b
2020/10/16,l772693,14995 Keele St,Keele St,King City,King,"$1,199,000",0 baths,0 beds,https://king.listing.ca/14995-keele-st.N4820696.htm#10w-4c
2020/10/16,l772545,19 Wellington St,Wellington St,Nobleton,King,"$2,299,000",7 baths,4 beds,https://king.listing.ca/19-wellington-st.N4815125.htm#10w-4d
2020/10/16,l772207,76 Scotch Valley Dr,Scotch Valley Dr,King City,King,"$8,200,000",8 baths,5+1 beds,https://king.listing.ca/76-scotch-valley-dr.N4810558.htm#10w-4e
2020/10/16,l771630,207 Banner Lane,Banner Lane,King City,King,"$5,278,500",8 baths,5+1 beds,https://king.listing.ca/207-banner-lane.N4810188.htm#10w-4f
2020/10/16,l771493,12745 7th Concession,7th Concession,King City,King,"$4,400,000",7 baths,5+1 beds,https://king.listing.ca/12745-7th-concession.N4811804.htm#10w-4g
2020/10/16,l771466,56 Di Nardo Crt,Di Nardo Crt,King City,King,"$3,688,800",7 baths,5+2 beds,https://king.listing.ca/56-di-nardo-crt.N4819328.htm#10w-4h
2020/10/16,l770555,18382 Keele St,Keele St,Rural King,King,"$1,850,000",4 baths,3+2 beds,https://king.listing.ca/18382-keele-st.N4817689.htm#10w-4i
2020/10/16,l769308,17360 11th Concession Rd,11th Concession Rd,Rural King,King,"$2,150,000",5 baths,6+2 beds,https://king.listing.ca/17360-11th-concession-rd.N4810935.htm#10w-4j
2020/10/16,l768838,15600 Jane St,Jane St,King City,King,"$21,000,000",2 baths,2 beds,https://king.listing.ca/15600-jane-st.N4818844.htm#10w-4k
2020/10/16,l768831,15660 Jane St,Jane St,King City,King,"$21,000,000",2 baths,2 beds,https://king.listing.ca/15660-jane-st.N4818908.htm#10w-4l
2020/10/16,l752459,12 Carrying Place Tr,Carrying Place Tr,Pottageville,King,"$2,880,000",6 baths,4+1 beds,https://king.listing.ca/12-carrying-place-tr.N4799514.htm#10w-4m
2020/10/16,l750915,19580 Dufferin St,Dufferin St,Rural King,King,"$1,188,000",1 baths,2 beds,https://king.listing.ca/19580-dufferin-st.N4797742.htm#10w-4n
2020/10/16,l743516,71 Mount Mellick Dr,Mount Mellick Dr,Rural King,King,"$1,599,000",0 baths,0 beds,https://king.listing.ca/71-mount-mellick-dr.N4788272.htm#10w-4o
2020/10/16,l735522,5785 18th Sdrd,18th Sdrd,Schomberg,King,"$2,797,000",3 baths,3+2 beds,https://king.listing.ca/5785-18th-sdrd.N4778034.htm#10w-4p
2020/10/16,l732471,1783 Lloydtown Rd,Lloydtown Rd,Rural King,King,"$10,800,000",2 baths,0 beds,https://king.listing.ca/1783-lloydtown-rd.N4774706.htm#10w-4q
2020/10/16,l731795,119 Main St,Main St,Schomberg,King,"$949,900",3 baths,3 beds,https://king.listing.ca/119-main-st.N4772774.htm#10w-4r
2020/10/16,l728925,7940 16th Sdrd,16th Sdrd,Rural King,King,"$2,799,000",3 baths,5 beds,https://king.listing.ca/7940-16th-sdrd.N4769634.htm#10w-4s
2020/10/16,l722915,18439 Keele St,Keele St,Rural King,King,"$1,899,900",0 baths,0 beds,https://king.listing.ca/18439-keele-st.N4762531.htm#10w-4t
2020/10/16,l722304,18415 Keele St,Keele St,Rural King,King,"$1,380,000",1 baths,3 beds,https://king.listing.ca/18415-keele-st.N4762135.htm#10w-4u
2020/10/16,l713821,310 Kingscross Dr,Kingscross Dr,King City,King,"$2,599,900",4 baths,4+1 beds,https://king.listing.ca/310-kingscross-dr.N4751518.htm#10w-4v
2020/10/16,l712092,1229 Wellington St,Wellington St,Rural King,King,"$4,380,000",0 baths,0 beds,https://king.listing.ca/1229-wellington-st.N4749667.htm#10w-4w
2020/10/16,l707611,11 Cranberry Lane,Cranberry Lane,King City,King,"$1,849,000",2 baths,3+1 beds,https://king.listing.ca/11-cranberry-lane.N4744085.htm#10w-4x
2020/10/16,l687321,15600 Dufferin St,Dufferin St,Rural King,King,"$4,500,000",1 baths,1 beds,https://king.listing.ca/15600-dufferin-st.N4718840.htm#10w-4y
2020/10/16,l684358,7405 17th Sdrd,17th Sdrd,Rural King,King,"$11,749,000",9 baths,9+2 beds,https://king.listing.ca/7405-17th-sdrd.N4713044.htm#10w-4z
2020/10/16,l681142,72 Skyline Tr,Skyline Tr,Nobleton,King,"$2,289,000",5 baths,5+1 beds,https://king.listing.ca/72-skyline-tr.N4706786.htm#10w-50
2020/10/16,l681138,35 Janet Ave,Janet Ave,Nobleton,King,"$2,099,000",7 baths,5 beds,https://king.listing.ca/35-janet-ave.N4706673.htm#10w-51
2020/10/16,l680381,17422 Bathurst St,Bathurst St,Rural King,King,"$5,499,000",2 baths,4 beds,https://king.listing.ca/17422-bathurst-st.N4706580.htm#10w-52
2020/10/16,l673882,890 Miller's Sdrd,Miller's Sdrd,Rural King,King,"$3,888,000",4 baths,3+1 beds,https://king.listing.ca/890-miller-s-sdrd.N4697352.htm#10w-53
2020/10/16,l667760,16130 Bathurst St,Bathurst St,Rural King,King,"$2,500,000",3 baths,3+2 beds,https://king.listing.ca/16130-bathurst-st.N4690729.htm#10w-54
2020/10/16,l661485,7405 17th Sdrd,17th Sdrd,Rural King,King,"$4,375,000",4 baths,6 beds,https://king.listing.ca/7405-17th-sdrd.N4682457.htm#10w-55
2020/10/16,l645514,21 Fairfield Dr,Fairfield Dr,King City,King,"$4,388,000",8 baths,4 beds,https://king.listing.ca/21-fairfield-dr.N4659495.htm#10w-56
2020/10/16,l644846,16460 11th Concession,11th Concession,Rural King,King,"$4,950,000",5 baths,4 beds,https://king.listing.ca/16460-11th-concession.N4658804.htm#10w-57
2020/10/16,l644780,2385 Davis Dr W,Davis Dr W,Rural King,King,"$1,125,000",0 baths,0 beds,https://king.listing.ca/2385-davis-dr-w.N4658887.htm#10w-58
2020/10/16,l636984,7245 17th Sdrd,17th Sdrd,Rural King,King,"$6,750,000",4 baths,6 beds,https://king.listing.ca/7245-17th-sdrd.N4648503.htm#10w-59
2020/10/16,l629407,3335 16th Side Rd,16th Side Rd,Rural King,King,"$2,100,000",0 baths,0 beds,https://king.listing.ca/3335-16th-side-rd.N4638968.htm#10w-5a
2020/10/16,l596963,5380 King Rd,King Rd,Nobleton,King,"$5,399,000",5 baths,5 beds,https://king.listing.ca/5380-king-rd.N4597837.htm#10w-5b
2020/10/16,l401319,102 Manitou Dr,Manitou Dr,King City,King,"$2,988,000",6 baths,6 beds,https://king.listing.ca/102-manitou-dr.N4340213.htm#10w-5c
2020-10-17,l886799,66 Scotch Valley Dr,Scotch Valley Dr,King City,King,$6997000,9 baths,6+3 beds,https://king.listing.ca/66-scotch-valley-dr.N4957122.htm#10w-1
2020-10-17,l886784,12 Nobleview Dr,Nobleview Dr,Nobleton,King,$1769000,3 baths,4 beds,https://king.listing.ca/12-nobleview-dr.N4956998.htm#10w-2
2020-10-17,l886180,179 Martin St,Martin St,King City,King,$2080000,3 baths,3+1 beds,https://king.listing.ca/179-martin-st.N4956426.htm#10w-3
2020-10-19,l888456,36 Blueberry Run Tr,Blueberry Run Tr,Nobleton,King,$1325000,5 baths,4 beds,https://king.listing.ca/36-blueberry-run-tr.N4958610.htm#10w-1
2020-10-19,l887845,204 Hollingsworth Dr,Hollingsworth Dr,King City,King,$1489900,2 baths,3+1 beds,https://king.listing.ca/204-hollingsworth-dr.N4958220.htm#10w-2
2020-10-19,l887676,20 Noble Oaks Crt,Noble Oaks Crt,Nobleton,King,$2139000,5 baths,4 beds,https://king.listing.ca/20-noble-oaks-crt.N4957968.htm#10w-3
2020-10-19,l887581,5380 King Rd,King Rd,Nobleton,King,$4498000,5 baths,5 beds,https://king.listing.ca/5380-king-rd.N4957924.htm#10w-4
2020-10-19,l887296,80 Burns Blvd 431,Burns Blvd,King City,King,$699000,2 baths,2+1 beds,https://king.listing.ca/80-burns-blvd-431.N4957632.htm#10w-5
2020-10-20,l889029,21 Caliber Crt,Caliber Crt,Nobleton,King,$1399000,5 baths,4 beds,https://king.listing.ca/21-caliber-crt.N4959713.htm#10w-1
2020-10-20,l889017,4065 Lloydtown-Aurora Rd,Lloydtown-Aurora Rd,Pottageville,King,$7988000,8 baths,5 beds,https://king.listing.ca/4065-lloydtown-aurora-rd.N4959518.htm#10w-2
2020-10-20,l889011,7405 17th Sdrd,17th Sdrd,Rural King,King,$3995000,4 baths,6 beds,https://king.listing.ca/7405-17th-sdrd.N4959395.htm#10w-3
2020-10-22,l892381,296 Patricia Dr,Patricia Dr,King City,King,$1998000,4 baths,4 beds,https://king.listing.ca/296-patricia-dr.N4963785.htm#10w-1
2020-10-22,l891635,16450 7th Concession Rd,7th Concession Rd,Pottageville,King,$2050000,5 baths,5 beds,https://king.listing.ca/16450-7th-concession-rd.N4962782.htm#10w-2
2020-10-22,l891625,61 Keewaydin Dr,Keewaydin Dr,Nobleton,King,$1648000,3 baths,5+1 beds,https://king.listing.ca/61-keewaydin-dr.N4962672.htm#10w-3
2020-10-22,l891604,5 Caliber Crt,Caliber Crt,Nobleton,King,$899900,4 baths,4 beds,https://king.listing.ca/5-caliber-crt.N4962440.htm#10w-4
2020-10-22,l891598,13161 Highway 27,Highway 27,Nobleton,King,$1488000,2 baths,1 beds,https://king.listing.ca/13161-highway-27.N4962374.htm#10w-5
2020-10-22,l891127,50 Hochreiter Rd,Hochreiter Rd,Rural King,King,$1900000,2 baths,4 beds,https://king.listing.ca/50-hochreiter-rd.N4962267.htm#10w-6
2020-10-23,l893249,23 West Coast Tr,West Coast Tr,Nobleton,King,$1599000,5 baths,4 beds,https://king.listing.ca/23-west-coast-tr.N4964863.htm#10w-1
2020-10-23,l893179,4202 18th Sdrd,18th Sdrd,Rural King,King,$1780000,5 baths,5+1 beds,https://king.listing.ca/4202-18th-sdrd.N4964783.htm#10w-2
2020-10-23,l892858,17360 11th Concession Rd,11th Concession Rd,Rural King,King,$1999900,5 baths,6+2 beds,https://king.listing.ca/17360-11th-concession-rd.N4964320.htm#10w-3
2020-10-23,l892833,58 Robert Berry Cres,Robert Berry Cres,King City,King,$999900,3 baths,3 beds,https://king.listing.ca/58-robert-berry-cres.N4963939.htm#10w-4
2020-10-26,l894778,9 Kinghorn Rd,Kinghorn Rd,King City,King,$2998000,5 baths,4 beds,https://king.listing.ca/9-kinghorn-rd.N4966660.htm#10w-1
2020-10-26,l894044,5495 King Rd,King Rd,Nobleton,King,$1395000,1 baths,3 beds,https://king.listing.ca/5495-king-rd.N4965942.htm#10w-2
2020-10-26,l894035,24 Wells Orchard Cres,Wells Orchard Cres,King City,King,$1179000,5 baths,4+1 beds,https://king.listing.ca/24-wells-orchard-cres.N4965861.htm#10w-3
2020-10-26,l894016,435 Kettleby Rd,Kettleby Rd,Rural King,King,$1499900,3 baths,3+1 beds,https://king.listing.ca/435-kettleby-rd.N4965563.htm#10w-4
2020-10-26,l893562,192 Russell Snider Dr,Russell Snider Dr,Nobleton,King,$1499000,4 baths,4 beds,https://king.listing.ca/192-russell-snider-dr.N4965109.htm#10w-5
2020-10-26,l893550,35 Janet Ave,Janet Ave,Nobleton,King,$1999900,7 baths,5 beds,https://king.listing.ca/35-janet-ave.N4965241.htm#10w-6
2020-10-26,l893497,366 Churchill Ave,Churchill Ave,Rural King,King,$1749000,4 baths,4 beds,https://king.listing.ca/366-churchill-ave.N4965341.htm#10w-7
2020-10-27,l896234,4160 18th Sdrd,18th Sdrd,Rural King,King,$2490000,5 baths,5+3 beds,https://king.listing.ca/4160-18th-sdrd.N4968430.htm#10w-1
2020-10-27,l895891,18439 Keele St,Keele St,Rural King,King,$1899900,0 baths,0 beds,https://king.listing.ca/18439-keele-st.N4967846.htm#10w-2
2020-10-27,l895884,22 Giant Cedars Crt,Giant Cedars Crt,Nobleton,King,$1798000,5 baths,4 beds,https://king.listing.ca/22-giant-cedars-crt.N4967687.htm#10w-3
2020-10-27,l895457,315 Bennet Dr,Bennet Dr,King City,King,$1548000,2 baths,3+2 beds,https://king.listing.ca/315-bennet-dr.N4967507.htm#10w-4
2020-10-27,l895440,51 Ria Crt,Ria Crt,King City,King,$2790000,7 baths,4+1 beds,https://king.listing.ca/51-ria-crt.N4967329.htm#10w-5
2020-10-29,l898026,68 Fairmont Ridge Tr,Fairmont Ridge Tr,Nobleton,King,$1759000,4 baths,5 beds,https://king.listing.ca/68-fairmont-ridge-tr.N4970479.htm#10w-1
2020-10-29,l897240,45 James Stokes Crt,James Stokes Crt,King City,King,$2398000,6 baths,4+2 beds,https://king.listing.ca/45-james-stokes-crt.N4969718.htm#10w-2
2020-10-29,l897224,69 Martin St,Martin St,King City,King,$3198000,6 baths,4+1 beds,https://king.listing.ca/69-martin-st.N4969546.htm#10w-3
2020-10-30,l898714,33 Northcott Way,Northcott Way,Nobleton,King,$1828000,5 baths,4 beds,https://king.listing.ca/33-northcott-way.N4971169.htm#10w-1
2020-11-03,l902371,27 Rolling Crt,Rolling Crt,King City,King,$2469000,5 baths,4 beds,https://king.listing.ca/27-rolling-crt.N4879401.htm#10w-1
2020-11-03,l902208,149 Church St 108,Church St,Schomberg,King,$418000,1 baths,1 beds,https://king.listing.ca/149-church-st-108.N4975996.htm#10w-2
2020-11-03,l901830,265 Churchill Ave,Churchill Ave,Rural King,King,$1839000,3 baths,5 beds,https://king.listing.ca/265-churchill-ave.N4975036.htm#10w-3
2020-11-03,l901080,80 Burns Blvd 301,Burns Blvd,King City,King,$569000,1 baths,1 beds,https://king.listing.ca/80-burns-blvd-301.N4974307.htm#10w-4
2020-11-03,l900981,15 Western Ave,Western Ave,Schomberg,King,$989500,3 baths,3 beds,https://king.listing.ca/15-western-ave.N4974204.htm#10w-5
2020-11-03,l900824,149 Church St 703,Church St,Schomberg,King,$559000,2 baths,2 beds,https://king.listing.ca/149-church-st-703.N4974091.htm#10w-6
2020-11-03,l899848,66 Alex Campbell Cres,Alex Campbell Cres,King City,King,$1088000,4 baths,3 beds,https://king.listing.ca/66-alex-campbell-cres.N4972844.htm#10w-7
2020-11-03,l899829,14376 Jane St,Jane St,Rural King,King,$1100000,2 baths,3+1 beds,https://king.listing.ca/14376-jane-st.N4972628.htm#10w-8
2020-11-04,l903638,49 Bluff Tr,Bluff Tr,Nobleton,King,$1699999,5 baths,4+1 beds,https://king.listing.ca/49-bluff-tr.N4977103.htm#10w-1
2020-11-05,l904799,200 Cavell Ave,Cavell Ave,King City,King,$1050000,2 baths,3 beds,https://king.listing.ca/200-cavell-ave.N4978680.htm#10w-1
2020-11-06,l906401,24 Wells Orchard Cres,Wells Orchard Cres,King City,King,$1099000,5 baths,4+1 beds,https://king.listing.ca/24-wells-orchard-cres.N4980877.htm#10w-1
2020-11-06,l905522,20 Stan Roots St,Stan Roots St,King City,King,$1428000,3 baths,4 beds,https://king.listing.ca/20-stan-roots-st.N4979505.htm#10w-2
2020-11-09,l908120,84 Parkheights Tr,Parkheights Tr,Nobleton,King,$1689999,4 baths,4+1 beds,https://king.listing.ca/84-parkheights-tr.N4982977.htm#10w-1
2020-11-09,l908023,315 Bennet Dr,Bennet Dr,King City,King,$1469000,3 baths,3+2 beds,https://king.listing.ca/315-bennet-dr.N4982921.htm#10w-2
2020-11-09,l907675,43 Larkin Ave,Larkin Ave,Nobleton,King,$2200000,3 baths,3 beds,https://king.listing.ca/43-larkin-ave.N4982523.htm#10w-3
2020-11-09,l907570,13086 Keele St,Keele St,King City,King,$2288000,6 baths,7 beds,https://king.listing.ca/13086-keele-st.N4982369.htm#10w-4
2020-11-09,l907279,87 Humber Cres,Humber Cres,King City,King,$1798000,6 baths,4+1 beds,https://king.listing.ca/87-humber-cres.N4982021.htm#10w-5
2020-11-09,l906739,27 Mccutcheon Ave,Mccutcheon Ave,Nobleton,King,$1858888,4 baths,4 beds,https://king.listing.ca/27-mccutcheon-ave.N4981234.htm#10w-6
2020-11-09,l906712,84 Simcoe Rd,Simcoe Rd,Pottageville,King,$1899999,2 baths,3 beds,https://king.listing.ca/84-simcoe-rd.N4980958.htm#10w-7
2020-11-09,l908554,13155 Highway 27,Highway 27,Nobleton,King,$1499900,2 baths,5 beds,https://king.listing.ca/13155-highway-27.N4983627.htm#10w-1
2020-11-10,l909289,1139 Wellington St,Wellington St,Rural King,King,$3488800,5 baths,5+1 beds,https://king.listing.ca/1139-wellington-st.N4984323.htm#10w-1
2020-11-10,l909287,19 Holden Dr,Holden Dr,Nobleton,King,$2348800,4 baths,3 beds,https://king.listing.ca/19-holden-dr.N4984315.htm#10w-2
2020-11-10,l909003,23 Munsie Dr,Munsie Dr,Nobleton,King,$1888000,5 baths,4 beds,https://king.listing.ca/23-munsie-dr.N4983750.htm#10w-3
2020-11-10,l908999,6130 Lloydtown-Aurora Rd,Lloydtown-Aurora Rd,Schomberg,King,$1900000,0 baths,0 beds,https://king.listing.ca/6130-lloydtown-aurora-rd.N4983709.htm#10w-4
2020-11-10,l908995,54 Britnell Crt,Britnell Crt,King City,King,$2393000,5 baths,4+1 beds,https://king.listing.ca/54-britnell-crt.N4953969.htm#10w-5
2020-11-11,l910248,4 Raymond Love Crt,Raymond Love Crt,King City,King,$2499999,6 baths,4 beds,https://king.listing.ca/4-raymond-love-crt.N4985478.htm#10w-1
2020-11-11,l910141,1461 18th Sdrd,18th Sdrd,Rural King,King,$1199000,3 baths,4+1 beds,https://king.listing.ca/1461-18th-sdrd.N4985626.htm#10w-2
2020-11-11,l910713,26 Scotch Valley Dr,Scotch Valley Dr,King City,King,$2375000,0 baths,0 beds,https://king.listing.ca/26-scotch-valley-dr.N4986056.htm#10w-1
2020-11-13,l912766,21 Fairfield Dr,Fairfield Dr,King City,King,$4499900,8 baths,4 beds,https://king.listing.ca/21-fairfield-dr.N4988728.htm#10w-1
2020-11-13,l912172,60 Robert Berry Cres,Robert Berry Cres,King City,King,$1050000,3 baths,3 beds,https://king.listing.ca/60-robert-berry-cres.N4987723.htm#10w-2
2020-11-17,l914926,15 Noblewood Dr,Noblewood Dr,Nobleton,King,$1198000,2 baths,3+1 beds,https://king.listing.ca/15-noblewood-dr.N4990857.htm#10w-1
2020-11-17,l914924,89 Robert Berry Cres,Robert Berry Cres,King City,King,$998000,3 baths,3 beds,https://king.listing.ca/89-robert-berry-cres.N4990807.htm#10w-2
2020-11-17,l915561,84 Tatton Crt,Tatton Crt,King City,King,$1598000,5 baths,4+1 beds,https://king.listing.ca/84-tatton-crt.N4991713.htm#10w-1
2020-11-17,l915515,8 Anderson Cove Tr,Anderson Cove Tr,Nobleton,King,$1479900,3 baths,3 beds,https://king.listing.ca/8-anderson-cove-tr.N4991647.htm#10w-2
2020-11-17,l915484,381 Main St,Main St,Schomberg,King,$785000,1 baths,3 beds,https://king.listing.ca/381-main-st.N4991774.htm#10w-3
2020-11-18,l916145,69 Martin St,Martin St,King City,King,$3198000,6 baths,4+1 beds,https://king.listing.ca/69-martin-st.N4992626.htm#10w-1
2020-11-18,l915960,430 Churchill Ave,Churchill Ave,Rural King,King,$1298000,4 baths,4 beds,https://king.listing.ca/430-churchill-ave.N4992399.htm#10w-2
2020-11-18,l915939,6489 King Rd,King Rd,Nobleton,King,$1850000,3 baths,4+2 beds,https://king.listing.ca/6489-king-rd.N4992107.htm#10w-3
2020-11-18,l915934,8 Black Duck Tr,Black Duck Tr,Nobleton,King,$1738888,4 baths,4 beds,https://king.listing.ca/8-black-duck-tr.N4992009.htm#10w-4
2020-11-18,l916492,3335 16th Side Rd,16th Side Rd,Rural King,King,$2099900,0 baths,0 beds,https://king.listing.ca/3335-16th-side-rd.N4992833.htm#10w-1
2020-11-19,l916952,12745 7th Concession,7th Concession,King City,King,$4198000,7 baths,5+1 beds,https://king.listing.ca/12745-7th-concession.N4993524.htm#10w-1
2020-11-20,l917894,32 Mapleton Mills Dr,Mapleton Mills Dr,Schomberg,King,$1200000,3 baths,4 beds,https://king.listing.ca/32-mapleton-mills-dr.N4994660.htm#10w-1
2020-11-23,l919456,214 Hill Farm Rd,Hill Farm Rd,Nobleton,King,$2049000,5 baths,4 beds,https://king.listing.ca/214-hill-farm-rd.N4996645.htm#10w-1
2020-11-23,l919295,14 Wedgeport Crt,Wedgeport Crt,Nobleton,King,$2538000,6 baths,5 beds,https://king.listing.ca/14-wedgeport-crt.N4996432.htm#10w-2
2020-11-23,l918946,60 Robert Berry Cres,Robert Berry Cres,King City,King,$998000,3 baths,3 beds,https://king.listing.ca/60-robert-berry-cres.N4996222.htm#10w-3
2020-11-24,l920637,93 Hollingworth Dr,Hollingworth Dr,King City,King,$1379900,2 baths,3+1 beds,https://king.listing.ca/93-hollingworth-dr.N4998094.htm#10w-1
2020-11-24,l920634,36 West Coast Tr,West Coast Tr,Nobleton,King,$1875000,6 baths,5 beds,https://king.listing.ca/36-west-coast-tr.N4979161.htm#10w-2
2020-11-24,l920453,16 James Morning Crt,James Morning Crt,Rural King,King,$3788000,4 baths,3 beds,https://king.listing.ca/16-james-morning-crt.N4997989.htm#10w-3
2020-11-24,l920432,57 Alex Campbell Cres,Alex Campbell Cres,King City,King,$1175000,4 baths,4 beds,https://king.listing.ca/57-alex-campbell-cres.N4997604.htm#10w-4
2020-11-25,l921795,1310 Graham Sdrd,Graham Sdrd,Rural King,King,$949900,3 baths,4 beds,https://king.listing.ca/1310-graham-sdrd.N4999535.htm#10w-1
2020-11-25,l921779,2 Middlehead Tr,Middlehead Tr,Nobleton,King,$1595000,5 baths,4 beds,https://king.listing.ca/2-middlehead-tr.N4999315.htm#10w-2
2020-11-25,l921669,149 Church St 313,Church St,Schomberg,King,$529900,2 baths,1 beds,https://king.listing.ca/149-church-st-313.N4999452.htm#10w-3
2020-11-27,l923009,32 Sir Henry Crt,Sir Henry Crt,King City,King,$2698000,5 baths,5 beds,https://king.listing.ca/32-sir-henry-crt.N5001144.htm#10w-1
2020-11-27,l922994,175 Patricia Dr,Patricia Dr,King City,King,$4188888,4 baths,4+1 beds,https://king.listing.ca/175-patricia-dr.N5000880.htm#10w-2
2020-11-30,l924793,17080 8th Concession Rd,8th Concession Rd,Schomberg,King,$3199000,5 baths,4 beds,https://king.listing.ca/17080-8th-concession-rd.N5003056.htm#10w-1
2020-12-01,l925148,16 James Morning Crt,James Morning Crt,Rural King,King,$3488000,4 baths,3 beds,https://king.listing.ca/16-james-morning-crt.N5003692.htm#10w-1
2020-12-01,l925640,310 Kingscross Dr,Kingscross Dr,King City,King,$2599900,4 baths,4+1 beds,https://king.listing.ca/310-kingscross-dr.N4751518.htm#10w-1
2020-12-01,l925518,149 Church St 416,Church St,Schomberg,King,$469900,1 baths,1+1 beds,https://king.listing.ca/149-church-st-416.N5053218.htm#10w-2
2020-12-02,l926086,18461 Keele St,Keele St,King City,King,$1238000,1 baths,2 beds,https://king.listing.ca/18461-keele-st.N5053805.htm#10w-1
2020-12-03,l927083,8 Black Tusk Tr,Black Tusk Tr,Nobleton,King,$1688800,4 baths,4 beds,https://king.listing.ca/8-black-tusk-tr.N5054900.htm#10w-1
2020-12-03,l927052,36 West Coast Tr,West Coast Tr,Nobleton,King,$1875000,6 baths,5 beds,https://king.listing.ca/36-west-coast-tr.N5054622.htm#10w-2
2020-12-03,l926978,283 Church St,Church St,Schomberg,King,$1998000,3 baths,3+1 beds,https://king.listing.ca/283-church-st.N5054715.htm#10w-3
2020-12-04,l927873,79 Robert Berry Cres,Robert Berry Cres,King City,King,$999000,3 baths,4 beds,https://king.listing.ca/79-robert-berry-cres.N5056000.htm#10w-1
2020-12-07,l928943,5 West Coast Tr,West Coast Tr,Nobleton,King,$1495000,4 baths,4 beds,https://king.listing.ca/5-west-coast-tr.N5057434.htm#10w-1
2020-12-08,l930396,7575 16th Sdrd,16th Sdrd,Rural King,King,$3330000,6 baths,5+1 beds,https://king.listing.ca/7575-16th-sdrd.N5059470.htm#10w-1
2020-12-08,l930197,39 Munsie Dr,Munsie Dr,Nobleton,King,$1948000,5 baths,4 beds,https://king.listing.ca/39-munsie-dr.N5058768.htm#10w-2
2020-12-09,l931011,48 Clearview Hts,Clearview Hts,King City,King,$1348000,3 baths,4 beds,https://king.listing.ca/48-clearview-hts.N5060523.htm#10w-1
2020-12-09,l931001,95 Cavell Ave,Cavell Ave,Rural King,King,$2870000,5 baths,4+1 beds,https://king.listing.ca/95-cavell-ave.N5058781.htm#10w-2
2020-12-10,l931951,6036 King Rd,King Rd,Nobleton,King,$1275000,1 baths,2 beds,https://king.listing.ca/6036-king-rd.N5061838.htm#10w-1
2020-12-11,l932960,47 Scott Cres,Scott Cres,King City,King,$2999999,5 baths,5+1 beds,https://king.listing.ca/47-scott-cres.N5063165.htm#10w-1
2020-12-14,l933990,221 Hill Farm Rd,Hill Farm Rd,Nobleton,King,$2150000,5 baths,4 beds,https://king.listing.ca/221-hill-farm-rd.N5064426.htm#10w-1
2020-12-14,l934180,20 Hogan Crt,Hogan Crt,King City,King,$3488000,8 baths,6+2 beds,https://king.listing.ca/20-hogan-crt.N5064479.htm#10w-1
2020-12-14,l934139,19110 Dufferin St,Dufferin St,Rural King,King,$485000,1 baths,2 beds,https://king.listing.ca/19110-dufferin-st.N5064648.htm#10w-2
2020-12-17,l936086,20 Laskay Lane,Laskay Lane,Rural King,King,$1589000,3 baths,3 beds,https://king.listing.ca/20-laskay-lane.N5067009.htm#10w-1
2020-12-22,l936718,2385 Davis Dr W,Davis Dr W,Rural King,King,$1125000,0 baths,0 beds,https://king.listing.ca/2385-davis-dr-w.N5067841.htm#10w-1
2020-12-22,l936715,10 Faris Ave,Faris Ave,Nobleton,King,$1788000,3 baths,3+1 beds,https://king.listing.ca/10-faris-ave.N5067814.htm#10w-2
2020-12-22,l936710,296 Patricia Dr,Patricia Dr,King City,King,$1898000,4 baths,4 beds,https://king.listing.ca/296-patricia-dr.N5067762.htm#10w-3
2020-12-23,l938602,15975 Dufferin St,Dufferin St,King City,King,$899000,2 baths,3 beds,https://king.listing.ca/15975-dufferin-st.N5070165.htm#10w-1
2020-12-23,l938729,6 Norman Ave,Norman Ave,Nobleton,King,$1399000,3 baths,3 beds,https://king.listing.ca/6-norman-ave.N5070317.htm#10w-1
2020-12-28,l939088,76 Scotch Valley Dr,Scotch Valley Dr,King City,King,$8200000,8 baths,5+1 beds,https://king.listing.ca/76-scotch-valley-dr.N5070746.htm#10w-1
2020-12-30,l940295,126 Eden Vale Dr,Eden Vale Dr,King City,King,$4288000,6 baths,4+1 beds,https://king.listing.ca/126-eden-vale-dr.N5072281.htm#10w-1
2021-01-01,l940681,15990 Dufferin St,Dufferin St,Rural King,King,$1059000,2 baths,3+1 beds,https://king.listing.ca/15990-dufferin-st.N5072685.htm#10w-1
2021-01-01,l940680,16390 7th Concession Rd,7th Concession Rd,Pottageville,King,$3498000,9 baths,5+1 beds,https://king.listing.ca/16390-7th-concession-rd.N5072673.htm#10w-2
2021-01-03,l941365,27 Curran Crt,Curran Crt,King City,King,$2999888,4 baths,3+1 beds,https://king.listing.ca/27-curran-crt.N5073489.htm#10w-1
2021-01-05,l942500,2 Manitou Dr,Manitou Dr,King City,King,$3100000,5 baths,5+2 beds,https://king.listing.ca/2-manitou-dr.N5074714.htm#10w-1
2021-01-05,l942497,8110 16th Sdrd,16th Sdrd,Rural King,King,$1899999,3 baths,3 beds,https://king.listing.ca/8110-16th-sdrd.N5074664.htm#10w-2
2021-01-05,l942066,16 Eversley Hall Dr,Eversley Hall Dr,Rural King,King,$4280000,6 baths,3+1 beds,https://king.listing.ca/16-eversley-hall-dr.N5074189.htm#10w-3
2021-01-06,l943660,7405 17th Sdrd,17th Sdrd,Rural King,King,$3995000,4 baths,6 beds,https://king.listing.ca/7405-17th-sdrd.N5076281.htm#10w-1
2021-01-06,l943473,207 Banner Lane,Banner Lane,King City,King,$5188500,8 baths,5+1 beds,https://king.listing.ca/207-banner-lane.N5076078.htm#10w-2
2021-01-06,l943464,1070 18th Sdrd,18th Sdrd,Rural King,King,$4799000,3 baths,3+1 beds,https://king.listing.ca/1070-18th-sdrd.N5075972.htm#10w-3
2021-01-06,l943463,13161 Highway 27,Highway 27,Nobleton,King,$1499900,1 baths,2 beds,https://king.listing.ca/13161-highway-27.N5075928.htm#10w-4
2021-01-06,l943454,2645 Davis Dr,Davis Dr,Rural King,King,$3198000,7 baths,5 beds,https://king.listing.ca/2645-davis-dr.N5075744.htm#10w-5
2021-01-06,l943086,15660 Jane St,Jane St,King City,King,$21000000,2 baths,2 beds,https://king.listing.ca/15660-jane-st.N5075558.htm#10w-6
2021-01-07,l944776,149 Church St 412,Church St,Schomberg,King,$545000,2 baths,2 beds,https://king.listing.ca/149-church-st-412.N5077778.htm#10w-1
2021-01-07,l944332,4795 19th Sdrd,19th Sdrd,King City,King,$3088888,3 baths,3+1 beds,https://king.listing.ca/4795-19th-sdrd.N5077011.htm#10w-2
2021-01-13,l948273,12575 Weston Rd,Weston Rd,Rural King,King,$1400000,4 baths,4 beds,https://king.listing.ca/12575-weston-rd.N5082182.htm#10w-1
2021-01-13,l948271,55 South Summit Farm Rd,South Summit Farm Rd,King City,King,$2970000,5 baths,4 beds,https://king.listing.ca/55-south-summit-farm-rd.N5082157.htm#10w-2
2021-01-13,l948251,17455 Jane St,Jane St,King City,King,$3950000,3 baths,4 beds,https://king.listing.ca/17455-jane-st.N5081877.htm#10w-3
2021-01-13,l947303,7940 16th Sdrd,16th Sdrd,Rural King,King,$2799000,3 baths,5+1 beds,https://king.listing.ca/7940-16th-sdrd.N5080717.htm#10w-4
2021-01-13,l947298,54 Britnell Crt,Britnell Crt,King City,King,$2198888,5 baths,4+1 beds,https://king.listing.ca/54-britnell-crt.N5080670.htm#10w-5
2021-01-13,l947005,60 Britnell Crt,Britnell Crt,King City,King,$2399000,5 baths,4 beds,https://king.listing.ca/60-britnell-crt.N5080564.htm#10w-6
2021-01-13,l946931,1070 Woodchopper Lane,Woodchopper Lane,Rural King,King,$910000,2 baths,3 beds,https://king.listing.ca/1070-woodchopper-lane.N5080478.htm#10w-7
2021-01-13,l946829,15600 Dufferin St,Dufferin St,King City,King,$4500000,1 baths,2 beds,https://king.listing.ca/15600-dufferin-st.N5080353.htm#10w-8
2021-01-13,l946201,13700 10th Conc. Rd,10th Conc. Rd,Nobleton,King,$4900000,3 baths,3 beds,https://king.listing.ca/13700-10th-conc-rd.N4984807.htm#10w-9
